PassengerId,Survived,Pclass,Name,Sex,Age,SibSp,Parch,Ticket,Fare,Cabin,Embarked
1,0,3,"Braund, Donovan Nicholas",male,22.0,1,0,uQc882hE582,7.25,,S
2,1,1,"Cumings, Pollard Timothy",female,38.0,1,0,XOc815cH906,71.2833,Lbu517,C
3,1,3,"Heikkinen, Phillips Barbara",female,26.0,0,0,des607jE229,7.925,,S
4,1,1,"Futrelle, Wade Samantha",female,35.0,1,0,aJz000fB301,53.1,Hzd083,S
5,0,3,"Allen, Grant Tracey",male,35.0,0,0,Qsh331Vc916,8.05,,S
6,0,3,"Moran, Ball Cory",male,,0,0,byf711zm831,8.4583,,Q
7,0,1,"McCarthy, Diaz Anne",male,54.0,0,0,YQy612TA453,51.8625,tOi298,S
8,0,3,"Palsson, Davis Carl",male,2.0,3,1,QEL321Vk606,21.075,,S
9,1,3,"Johnson, Ryan Jennifer",female,27.0,0,2,wLm518Rb046,11.1333,,S
10,1,2,"Nasser, Wilkins Lisa",female,14.0,1,0,xKS232iq770,30.0708,,C
11,1,3,"Sandstrom, Shelton Danielle",female,4.0,1,1,CfY361tp361,16.7,wWq654,S
12,1,1,"Bonnell, Buckley David",female,58.0,0,0,LlO213Wr352,26.55,yAz872,S
13,0,3,"Saundercock, Aguilar Paul",male,20.0,0,0,vWT832hr135,8.05,,S
14,0,3,"Andersson, Schmidt Michele",male,39.0,1,5,TWZ942Rs686,31.275,,S
15,0,3,"Vestrom, Coleman Andrea",female,14.0,0,0,WjG742Jl706,7.8542,,S
16,1,2,"Hewlett, Perry Carrie",female,55.0,0,0,bjU054Vi003,16.0,,S
17,0,3,"Rice, Hopkins David",male,2.0,4,1,Fea240mf810,29.125,,Q
18,1,2,"Williams, Harris Monica",male,,0,0,jUS933Yf454,13.0,,S
19,0,3,"Vander Planke, Mitchell Angie",female,31.0,1,0,tgk608sv329,18.0,,S
20,1,3,"Masselmani, Nguyen Steven",female,,0,0,jjI280CN219,7.225,,C
21,0,2,"Fynney, Hall Clifford",male,35.0,0,0,SrC659PK433,26.0,,S
22,1,2,"Beesley, Patterson Darlene",male,34.0,0,0,OAK688cW824,13.0,HAh328,S
23,1,3,"McGowan, Rhodes Craig",female,15.0,0,0,WzO595vA200,8.0292,,Q
24,1,1,"Sloper, Brady Natalie",male,28.0,0,0,PZi609dg493,35.5,grz036,S
25,0,3,"Palsson, Bautista Christian",female,8.0,3,1,sma351tt627,21.075,,S
26,1,3,"Asplund, Arias Joshua",female,38.0,1,5,TWt901aO204,31.3875,,S
27,0,3,"Emir, Mills Katrina",male,,0,0,Wsh845pE422,7.225,,C
28,0,1,"Fortune, Cruz Natalie",male,19.0,3,2,wfo070zv326,263.0,fhs590,S
29,1,3,"O'Dwyer, Waters Brenda",female,,0,0,mEY123zF842,7.8792,,Q
30,0,3,"Todoroff, Ramsey Tabitha",male,,0,0,ORJ509vV759,7.8958,,S
31,0,1,"Uruchurtu, Kelly Gary",male,40.0,0,0,pQo490Hb679,27.7208,,C
32,1,1,"Spencer, Lee Joel",female,,1,0,zWI113Tt778,146.5208,fJD982,C
33,1,3,"Glynn, Bridges James",female,,0,0,qve768Eb871,7.75,,Q
34,0,2,"Wheadon, Washington Shirley",male,66.0,0,0,Tdt744me175,10.5,,S
35,0,1,"Meyer, Mccoy John",male,28.0,1,0,STJ056tg986,82.1708,,C
36,0,1,"Holverson, Hill Elaine",male,42.0,1,0,SaV750mM715,52.0,,S
37,1,3,"Mamee, Peterson Jason",male,,0,0,lur418AW480,7.2292,,C
38,0,3,"Cann, Harvey Evan",male,21.0,0,0,IEN404PI033,8.05,,S
39,0,3,"Vander Planke, Haley Jane",female,18.0,2,0,ufn541VA562,18.0,,S
40,1,3,"Nicola-Yarred, Hood Courtney",female,14.0,1,0,BfK392ym457,11.2417,,C
41,0,3,"Ahlin, Rogers David",female,40.0,1,0,ibJ474Pi112,9.475,,S
42,0,2,"Turpin, Reese Ricky",female,27.0,1,0,sgI583Zf146,21.0,,S
43,0,3,"Kraeff, Costa Gregory",male,,0,0,bys374Kb706,7.8958,,C
44,1,2,"Laroche, Savage Valerie",female,3.0,1,2,Uzz419AY485,41.5792,,C
45,1,3,"Devaney, Katherine Dr.",female,19.0,0,0,VFd839rM445,7.8792,,Q
46,0,3,"Rogers, Payne Nicholas",male,,0,0,BJq941Nj074,8.05,,S
47,0,3,"Lennon, Blake Charles",male,,1,0,DME481Xk563,15.5,,Q
48,1,3,"O'Driscoll, Griffith Zachary",female,,0,0,Dya893NF876,7.75,,Q
49,0,3,"Samaan, Pineda Mark",male,,2,0,yuH153Hd658,21.6792,,C
50,0,3,"Arnold-Franchi, Peters Lisa",female,18.0,1,0,gsZ550Ym650,17.8,,S
51,0,3,"Panula, Ferguson Joshua",male,7.0,4,1,uAJ966tq307,39.6875,,S
52,0,3,"Nosworthy, Medina Brian",male,21.0,0,0,GJB614SC668,7.8,,S
53,1,1,"Harper, Johnson Jason",female,49.0,1,0,bBP490oW930,76.7292,jUg995,C
54,1,2,"Faunthorpe, Wilson Amanda",female,29.0,1,0,NaU042BD873,26.0,,S
55,0,1,"Ostby, George Christopher",male,65.0,0,1,fAG642bj940,61.9792,LOO529,C
56,1,1,"Woolner, Gibson Kayla",male,,0,0,jWw302kV155,35.5,ZNI165,S
57,1,2,"Rugg, Boyle Emily",female,21.0,0,0,Kfv124gE556,10.5,,S
58,0,3,"Novel, Moses Edward",male,28.5,0,0,trF449Ga960,7.2292,,C
59,1,2,"West, Barber Kyle",female,5.0,1,2,rXm413bi135,27.75,,S
60,0,3,"Goodwin, Galloway Michael",male,11.0,5,2,yJt408WT218,46.9,,S
61,0,3,"Sirayanian, Perez Gabrielle",male,22.0,0,0,dLn903zs447,7.2292,,C
62,1,1,"Icard, Richardson Andrew",female,38.0,0,0,SBf412TC345,80.0,Uug115,
63,0,1,"Harris, Lee Jesus",male,45.0,1,0,DHS691Qs533,83.475,iRH962,S
64,0,3,"Skoog, Wilson Nina",male,4.0,3,2,zsb152KX786,27.9,,S
65,0,1,"Stewart, Williams Dakota",male,,0,0,ehQ034Gt738,27.7208,,C
66,1,3,"Moubarek, Hughes Tamara",male,,1,1,dxq353dF688,15.2458,,C
67,1,2,"Nye, Brooks Madison",female,29.0,0,0,LZD001pZ388,10.5,mlr534,S
68,0,3,"Crease, Todd Kyle",male,19.0,0,0,FCZ196Ak871,8.1583,,S
69,1,3,"Andersson, Gregory Jeremy",female,17.0,4,2,RTX624iu652,7.925,,S
70,0,3,"Kink, Salas Lisa",male,26.0,2,0,rQQ917Nl796,8.6625,,S
71,0,2,"Jenkin, Martin Richard",male,32.0,0,0,OAy861Pn003,10.5,,S
72,0,3,"Goodwin, Atkinson Marilyn",female,16.0,5,2,yCn643vI716,46.9,,S
73,0,2,"Hood, Bentley Olivia",male,21.0,0,0,LNH407rd029,73.5,,S
74,0,3,"Chronopoulos, Lopez Joshua",male,26.0,1,0,wDI250po932,14.4542,,C
75,1,3,"Bing, Smith Dana",male,32.0,0,0,HCQ337ZK288,56.4958,,S
76,0,3,"Moen, Hicks Anthony",male,25.0,0,0,WPg208mL453,7.65,mxG967,S
77,0,3,"Staneff, Cannon Chase",male,,0,0,JTb352in211,7.8958,,S
78,0,3,"Moutal, Rodriguez Noah",male,,0,0,OuK378XA931,8.05,,S
79,1,2,"Caldwell, Howard Ryan",male,0.83,0,2,hKN254SQ200,29.0,,S
80,1,3,"Dowdell, Calderon Anne",female,30.0,0,0,Xmg461GV307,12.475,,S
81,0,3,"Waelens, Miller Tyrone",male,22.0,0,0,WJJ434Bi514,9.0,,S
82,1,3,"Sheerlinck, Williams Jessica",male,29.0,0,0,ZNV522yO550,9.5,,S
83,1,3,"McDermott, Roberts Jeffrey",female,,0,0,dpM671QO647,7.7875,,Q
84,0,1,"Carrau, Moran Dominic",male,28.0,0,0,qKk217KO738,47.1,,S
85,1,2,"Ilett, Monroe Kelly",female,17.0,0,0,SOl605gM406,10.5,,S
86,1,3,"Backstrom, Phillips Leslie",female,33.0,3,0,WnY633RM005,15.85,,S
87,0,3,"Ford, Estes Teresa",male,16.0,1,3,rCW756pm344,34.375,,S
88,0,3,"Slocovski, Lopez Christopher",male,,0,0,ISK855my598,8.05,,S
89,1,1,"Fortune, Smith Edward",female,23.0,3,2,XgY747If615,263.0,Vcg634,S
90,0,3,"Celotti, Patel David",male,24.0,0,0,GrS115EM235,8.05,,S
91,0,3,"Christmann, Nicole Dr.",male,29.0,0,0,EOe417pA952,8.05,,S
92,0,3,"Andreasson, Bishop Robert",male,20.0,0,0,WzQ455CV711,7.8542,,S
93,0,1,"Chaffee, Zamora Erica",male,46.0,1,0,THg692dY922,61.175,bPk576,S
94,0,3,"Dean, Payne Richard",male,26.0,1,2,HrI692gn160,20.575,,S
95,0,3,"Coxon, Carter Adam",male,59.0,0,0,gkk876lC254,7.25,,S
96,0,3,"Shorney, Austin Kristy",male,,0,0,cMS730At212,8.05,,S
97,0,1,"Goldschmidt, Obrien Lindsey",male,71.0,0,0,UWi206wp629,34.6542,UVN727,C
98,1,1,"Greenfield, Bush Scott",male,23.0,0,1,LBB584VW816,63.3583,HVf620,C
99,1,2,"Doling, Young Louis",female,34.0,0,1,rws189fa783,23.0,,S
100,0,2,"Kantor, Hunt Norma",male,34.0,1,0,FaU633Kq567,26.0,,S
101,0,3,"Petranec, Moss Brianna",female,28.0,0,0,vXR864pw432,7.8958,,S
102,0,3,"Petroff, Gray Donald",male,,0,0,bfV591SS125,7.8958,,S
103,0,1,"White, Perez James",male,21.0,0,1,fqS818oV394,77.2875,sFo410,S
104,0,3,"Johansson, Stewart Andrea",male,33.0,0,0,YDY220RA835,8.6542,,S
105,0,3,"Gustafsson, Richardson Susan",male,37.0,2,0,sfF925ru791,7.925,,S
106,0,3,"Mionoff, Mccarty Deborah",male,28.0,0,0,hAM894ca177,7.8958,,S
107,1,3,"Salkjelsvik, Yates Alexander",female,21.0,0,0,hIz517Bz529,7.65,,S
108,1,3,"Moss, Dudley Curtis",male,,0,0,yLa819rF686,7.775,,S
109,0,3,"Rekic, Miller Ashley",male,38.0,0,0,pmA558Qq427,7.8958,,S
110,1,3,"Moran, Jackson Carolyn",female,,1,0,cPQ308MZ072,24.15,,Q
111,0,1,"Porter, Morrison Karla",male,47.0,0,0,ACR219ZH390,52.0,kdo999,S
112,0,3,"Zabour, Alvarado Michael",female,14.5,1,0,ODE708mL970,14.4542,,C
113,0,3,"Barton, Johnson Robert",male,22.0,0,0,Zmz667fg692,8.05,,S
114,0,3,"Jussila, Marshall Christina",female,20.0,1,0,Uel410Uf536,9.825,,S
115,0,3,"Attalah, Howard Heather",female,17.0,0,0,JmA141vD895,14.4583,,C
116,0,3,"Pekoniemi, Johnson Stephanie",male,21.0,0,0,YLU402Bw889,7.925,,S
117,0,3,"Connors, Houston Catherine",male,70.5,0,0,HlT227VG749,7.75,,Q
118,0,2,"Turpin, Johnson Lisa",male,29.0,1,0,hgd905qs376,21.0,,S
119,0,1,"Baxter, Hester Nicholas",male,24.0,0,1,QXH643JA176,247.5208,Xeo594,C
120,0,3,"Andersson, Weaver Susan",female,2.0,4,2,vSs806CU893,31.275,,S
121,0,2,"Hickman, Marks Sierra",male,21.0,2,0,HlT877eN527,73.5,,S
122,0,3,"Moore, Hutchinson Thomas",male,,0,0,mPh972ge284,8.05,,S
123,0,2,"Nasser, Banks Jennifer",male,32.5,1,0,bkP708Yv434,30.0708,,C
124,1,2,"Webber, Brown John",female,32.5,0,0,uRx563Ar052,13.0,Fcq897,S
125,0,1,"White, Kennedy Marcus",male,54.0,0,1,rIE455iS161,77.2875,vtG464,S
126,1,3,"Nicola-Yarred, Simmons Lori",male,12.0,1,0,xBH453Qo453,11.2417,,C
127,0,3,"McMahon, Myers Alyssa",male,,0,0,uqt976Wy843,7.75,,Q
128,1,3,"Madsen, Brewer Laurie",male,24.0,0,0,rMB061Ry698,7.1417,,S
129,1,3,"Peter, Schmidt Lisa",female,,1,1,zbQ382aw451,22.3583,oaa296,C
130,0,3,"Ekstrom, Thomas Mr.",male,45.0,0,0,Has191Fn171,6.975,,S
131,0,3,"Drazenoic, Garcia Steven",male,33.0,0,0,nFP579zu194,7.8958,,C
132,0,3,"Coelho, Moore William",male,20.0,0,0,bZm784fC741,7.05,,S
133,0,3,"Robins, Peterson John",female,47.0,1,0,AIc072Ju504,14.5,,S
134,1,2,"Weisz, Butler Timothy",female,29.0,1,0,try307cs824,26.0,,S
135,0,2,"Sobey, Smith Christopher",male,25.0,0,0,Set113Dr575,13.0,,S
136,0,2,"Richard, Fuentes Chad",male,23.0,0,0,EFX219lw885,15.0458,,C
137,1,1,"Newsom, Rojas Kimberly",female,19.0,0,2,sig364vf871,26.2833,jXJ835,S
138,0,1,"Futrelle, Oliver Jeffrey",male,37.0,1,0,wcZ479Bl081,53.1,jeY915,S
139,0,3,"Osen, Hodges Scott",male,16.0,0,0,sRO701VL953,9.2167,,S
140,0,1,"Giglio, Nelson David",male,24.0,0,0,LhR284WS848,79.2,ByG271,C
141,0,3,"Boulos, Melton Paul",female,,0,2,AhG620KI575,15.2458,,C
142,1,3,"Nysten, Carroll Michael",female,22.0,0,0,Btx179Dc310,7.75,,S
143,1,3,"Hakkarainen, Murray Charles",female,24.0,1,0,MBV339em423,15.85,,S
144,0,3,"Burke, Nixon Connor",male,19.0,0,0,CnV338tj993,6.75,,Q
145,0,2,"Andrew, Brown Corey",male,18.0,0,0,FDH058nu594,11.5,,S
146,0,2,"Nicholls, Davis John",male,19.0,1,1,Izf973Xz671,36.75,,S
147,1,3,"Andersson, Davis Susan",male,27.0,0,0,jtp549po987,7.7958,,S
148,0,3,"Ford, Khan Elizabeth",female,9.0,2,2,XwV289lv346,34.375,,S
149,0,2,"Navratil, Pratt Lisa",male,36.5,0,2,GxY740yz455,26.0,rcf294,S
150,0,2,"Byles, Carpenter Ann",male,42.0,0,0,UzA196FE367,13.0,,S
151,0,2,"Bateman, Hernandez Craig",male,51.0,0,0,Pec965Ip372,12.525,,S
152,1,1,"Pears, Miller Danielle",female,22.0,1,0,EMp725fp923,66.6,wjJ182,S
153,0,3,"Meo, Henderson Krystal",male,55.5,0,0,WrF323Ru166,8.05,,S
154,0,3,"van Billiard, Lee Amy",male,40.5,0,2,EVR166AL916,14.5,,S
155,0,3,"Olsen, Johnson Maria",male,,0,0,eAY466Zv930,7.3125,,S
156,0,1,"Williams, Ho Alexa",male,51.0,0,1,bIn872tU148,61.3792,,C
157,1,3,"Gilnagh, Evans Benjamin",female,16.0,0,0,KBj617Xc586,7.7333,,Q
158,0,3,"Corn, Barron Renee",male,30.0,0,0,wen513cz271,8.05,,S
159,0,3,"Smiljanic, Patrick Shannon",male,,0,0,GiD390Po617,8.6625,,S
160,0,3,"Sage, Hayes Bobby",male,,8,2,lHG219Gn337,69.55,,S
161,0,3,"Cribb, Callahan Amy",male,44.0,0,1,OHi257zu027,16.1,,S
162,1,2,"Watt, Bolton Lisa",female,40.0,0,0,wUL054MZ711,15.75,,S
163,0,3,"Bengtsson, Travis Robin",male,26.0,0,0,NsF045Gz189,7.775,,S
164,0,3,"Calic, Long Thomas",male,17.0,0,0,umx124EY798,8.6625,,S
165,0,3,"Panula, Martinez Mary",male,1.0,4,1,iRf210fg023,39.6875,,S
166,1,3,"Goldsmith, Wilson Peter",male,9.0,0,2,SCU394sU960,20.525,,S
167,1,1,"Chibnall, Chang Jared",female,,0,1,JUD410bZ592,55.0,cvs923,S
168,0,3,"Skoog, Aguirre Jared",female,45.0,1,4,OKR340Hf200,27.9,,S
169,0,1,"Baumann, Duarte Christopher",male,,0,0,HlV115qm474,25.925,,S
170,0,3,"Ling, Hebert Larry",male,28.0,0,0,nNM890iB488,56.4958,,S
171,0,1,"Van der hoef, Williams James",male,61.0,0,0,VaD771tK919,33.5,fKM410,S
172,0,3,"Rice, Flores Sierra",male,4.0,4,1,bsd559eZ557,29.125,,Q
173,1,3,"Johnson, James John",female,1.0,1,1,IVl053vX836,11.1333,,S
174,0,3,"Sivola, Barnes John",male,21.0,0,0,Vxs484tg988,7.925,,S
175,0,1,"Smith, Walters Raymond",male,56.0,0,0,hTM063OY097,30.6958,iPP711,C
176,0,3,"Klasen, Mills Gina",male,18.0,1,1,Heg848lV964,7.8542,,S
177,0,3,"Lefebre, Foley Kimberly",male,,3,1,zok513Mx710,25.4667,,S
178,0,1,"Isham, Greene Christina",female,50.0,0,0,LYH054qR861,28.7125,bfM607,C
179,0,2,"Hale, Lopez David",male,30.0,0,0,zrU757Ue972,13.0,,S
180,0,3,"Leonard, Brown Michele",male,36.0,0,0,jhL071pQ272,0.0,,S
181,0,3,"Sage, Durham Bill",female,,8,2,xoF991BY749,69.55,,S
182,0,2,"Pernot, Hoffman Jeffrey",male,,0,0,HlW564QI230,15.05,,C
183,0,3,"Asplund, Smith Robert",male,9.0,4,2,UQo555Cq768,31.3875,,S
184,1,2,"Becker, Klein Renee",male,1.0,2,1,xCH171Us979,39.0,VRk431,S
185,1,3,"Kink-Heilmann, Johnson Madison",female,4.0,0,2,tYK751zF430,22.025,,S
186,0,1,"Rood, Hughes Melissa",male,,0,0,Jci528lJ004,50.0,zSr017,S
187,1,3,"O'Brien, Wolfe Nathan",female,,1,0,rif977gT570,15.5,,Q
188,1,1,"Romaine, Freeman Jorge",male,45.0,0,0,npL080MK493,26.55,,S
189,0,3,"Bourke, Clark Martin",male,40.0,1,1,krm936mQ158,15.5,,Q
190,0,3,"Turcin, Smith Crystal",male,36.0,0,0,KKw201kn555,7.8958,,S
191,1,2,"Pinsky, Sara Ms.",female,32.0,0,0,Hll732ia945,13.0,,S
192,0,2,"Carbines, Johnson Jeffrey",male,19.0,0,0,sJf587nu515,13.0,,S
193,1,3,"Andersen-Jensen, Graham Laura",female,19.0,1,0,cmK150Hc740,7.8542,,S
194,1,2,"Navratil, Vasquez Christopher",male,3.0,1,1,bOu236NV326,26.0,MyF368,S
195,1,1,"Brown, Rodriguez Adriana",female,44.0,0,0,uCV412sI504,27.7208,Ugi154,C
196,1,1,"Lurette, Miller James",female,58.0,0,0,Nuj594Rw036,146.5208,FMe896,C
197,0,3,"Mernagh, Torres David",male,,0,0,xdL514uM982,7.75,,Q
198,0,3,"Olsen, Thomas Jennifer",male,42.0,0,1,zcK814lE841,8.4042,,S
199,1,3,"Madigan, Collins Jesse",female,,0,0,Cxw900Bs637,7.75,,Q
200,0,2,"Yrois, Chandler Cynthia",female,24.0,0,0,NGG735dD482,13.0,,S
201,0,3,"Vande Walle, Reese Thomas",male,28.0,0,0,Ylp879Aa069,9.5,,S
202,0,3,"Sage, Hopkins Ashley",male,,8,2,vYE257Ke680,69.55,,S
203,0,3,"Johanson, Lee Anthony",male,34.0,0,0,szL121fE827,6.4958,,S
204,0,3,"Youseff, Jones Matthew",male,45.5,0,0,LGu077Ul575,7.225,,C
205,1,3,"Cohen, Le Zachary",male,18.0,0,0,mZu311qo476,8.05,,S
206,0,3,"Strom, Thompson Ana",female,2.0,0,1,WIO657ij597,10.4625,RXs178,S
207,0,3,"Backstrom, Silva Tyler",male,32.0,1,0,QkL843YZ078,15.85,,S
208,1,3,"Albimona, Glover Mallory",male,26.0,0,0,Tiu837Ik864,18.7875,,C
209,1,3,"Carr, Hernandez Vincent",female,16.0,0,0,vZK619fP759,7.75,,Q
210,1,1,"Blank, Henry Mary",male,40.0,0,0,vRR215Op147,31.0,fHW651,C
211,0,3,"Ali, Roberts Ricardo",male,24.0,0,0,ute472Jj548,7.05,,S
212,1,2,"Cameron, Jones Abigail",female,35.0,0,0,UWL822sK577,21.0,,S
213,0,3,"Perkin, Schultz Lee",male,22.0,0,0,SHP446nN848,7.25,,S
214,0,2,"Givard, Ballard Tracy",male,30.0,0,0,akv280my892,13.0,,S
215,0,3,"Kiernan, Mary Mrs.",male,,1,0,wlY897xn125,7.75,,Q
216,1,1,"Newell, Andrews Chris",female,31.0,1,0,Geo361kE804,113.275,Duv850,C
217,1,3,"Honkanen, Wheeler Tammy",female,27.0,0,0,fMD220ZT553,7.925,,S
218,0,2,"Jacobsohn, Reynolds Ivan",male,42.0,1,0,iGF748oR462,27.0,,S
219,1,1,"Bazzani, Love Michael",female,32.0,0,0,mAN699qB279,76.2917,rdj072,C
220,0,2,"Harris, Fry Brian",male,30.0,0,0,xWX790Du528,10.5,,S
221,1,3,"Sunderland, Hernandez Alyssa",male,16.0,0,0,Wxs443Af077,8.05,,S
222,0,2,"Bracken, Murray James",male,27.0,0,0,oRT468qM647,13.0,,S
223,0,3,"Green, Banks Troy",male,51.0,0,0,iJn836Em994,8.05,,S
224,0,3,"Nenkoff, Rodriguez Lisa",male,,0,0,hpb993hn898,7.8958,,S
225,1,1,"Hoyt, Mitchell Charles",male,38.0,1,0,PUC079rl123,90.0,IFW975,S
226,0,3,"Berglund, Hughes Amber",male,22.0,0,0,aCG601dx207,9.35,,S
227,1,2,"Mellors, Ochoa Dillon",male,19.0,0,0,XUz340RI266,10.5,,S
228,0,3,"Lovell, Martin Wayne",male,20.5,0,0,BYJ687JZ586,7.25,,S
229,0,2,"Fahlstrom, Archer Barbara",male,18.0,0,0,Cpa330iK914,13.0,,S
230,0,3,"Lefebre, Payne Kayla",female,,3,1,RSt376Dq649,25.4667,,S
231,1,1,"Harris, Owens Angela",female,35.0,1,0,PhO691xr418,83.475,mkN614,S
232,0,3,"Larsson, Martin Jeremy",male,29.0,0,0,ZCm766zt120,7.775,,S
233,0,2,"Sjostedt, Johnson Gregory",male,59.0,0,0,WiV867KD858,13.5,,S
234,1,3,"Asplund, Wright Joseph",female,5.0,4,2,QsN198Dl720,31.3875,,S
235,0,2,"Leyson, Rodriguez Sarah",male,24.0,0,0,qSg710JA990,10.5,,S
236,0,3,"Harknett, Harrison Thomas",female,,0,0,YrN617DI146,7.55,,S
237,0,2,"Hold, Finley Alan",male,44.0,1,0,eyA204OM644,26.0,,S
238,1,2,"Collyer, Ward Jon",female,8.0,0,2,NwL717ux874,26.25,,S
239,0,2,"Pengelly, Lucas Billy",male,19.0,0,0,ByV631we597,10.5,,S
240,0,2,"Hunt, Byrd Kyle",male,33.0,0,0,ilB312tE441,12.275,,S
241,0,3,"Zabour, Roberts Kenneth",female,,1,0,Feb874wi676,14.4542,,C
242,1,3,"Murphy, Mendoza Leah",female,,1,0,mgc743kl709,15.5,,Q
243,0,2,"Coleridge, Rodgers David",male,29.0,0,0,DGh135aY076,10.5,,S
244,0,3,"Maenpaa, Johnson Kim",male,22.0,0,0,ctn198Zf795,7.125,,S
245,0,3,"Attalah, Huff Natalie",male,30.0,0,0,ldF058EK859,7.225,,C
246,0,1,"Minahan, Pittman Regina",male,44.0,2,0,ITa347tJ470,90.0,dhT147,Q
247,0,3,"Lindahl, Paul Dawn",female,25.0,0,0,zAn786HP108,7.775,,S
248,1,2,"Hamalainen, Smith Eric",female,24.0,0,2,kvd313pC409,14.5,,S
249,1,1,"Beckwith, Robertson Tina",male,37.0,1,1,igu544Ee501,52.5542,vpC069,S
250,0,2,"Carter, Myers Chad",male,54.0,1,0,vJj788dN045,26.0,,S
251,0,3,"Reed, Walker Gregory",male,,0,0,ojF664JH707,7.25,,S
252,0,3,"Strom, Klein Whitney",female,29.0,1,1,JRh930cx244,10.4625,Awz102,S
253,0,1,"Stead, Griffith Kelly",male,62.0,0,0,ArH983pr548,26.55,nxq249,S
254,0,3,"Lobb, Perez Anthony",male,30.0,1,0,Yqi047DP690,16.1,,S
255,0,3,"Rosblom, Rodriguez Nathan",female,41.0,0,2,VBV730bu685,20.2125,,S
256,1,3,"Touma, Wise Matthew",female,29.0,0,2,Emc415FZ943,15.2458,,C
257,1,1,"Thorne, Clark Victor",female,,0,0,KDi494MB833,79.2,,C
258,1,1,"Cherry, Whitaker Scott",female,30.0,0,0,aoY940Pv823,86.5,fhs525,S
259,1,1,"Ward, Summers Mark",female,35.0,0,0,imP701GO672,512.3292,,C
260,1,2,"Parrish, Davis Robert",female,50.0,0,1,Kux107Lu933,26.0,,S
261,0,3,"Smith, Carter Wayne",male,,0,0,xOh065vI067,7.75,,Q
262,1,3,"Asplund, Holland Gregg",male,3.0,4,2,kpp694ba167,31.3875,,S
263,0,1,"Taussig, Grant Leslie",male,52.0,1,1,Arn484pu233,79.65,aGO973,S
264,0,1,"Harrison, Le Tyler",male,40.0,0,0,dcT053yd323,0.0,Heg471,S
265,0,3,"Henry, Ballard Kelsey",female,,0,0,fQo160Eh850,7.75,,Q
266,0,2,"Reeves, Mcfarland Stacy",male,36.0,0,0,mWO095JZ712,10.5,,S
267,0,3,"Panula, Hampton Brandi",male,16.0,4,1,AWL323SP692,39.6875,,S
268,1,3,"Persson, Terry Daniel",male,25.0,1,0,Jqb856cD942,7.775,,S
269,1,1,"Graham, Edwards Ashley",female,58.0,0,1,XHg184TB709,153.4625,WMk600,S
270,1,1,"Bissette, Kathleen Dr.",female,35.0,0,0,tyD067SL009,135.6333,clr855,S
271,0,1,"Cairns, Schmidt Tyler",male,,0,0,zgV948zD773,31.0,,S
272,1,3,"Tornquist, Bautista Monica",male,25.0,0,0,wDU931IL843,0.0,,S
273,1,2,"Mellinger, King Elizabeth",female,41.0,0,1,tcF916xD416,19.5,,S
274,0,1,"Natsch, Taylor Amy",male,37.0,0,1,ngV030Dw020,29.7,fKU763,C
275,1,3,"Healy, Vincent Dr.",female,,0,0,kgm315Ev802,7.75,,Q
276,1,1,"Andrews, Randall Mr.",female,63.0,1,0,MPR508lT528,77.9583,yzA441,S
277,0,3,"Lindblom, Brown Leslie",female,45.0,0,0,gjY835Dh775,7.75,,S
278,0,2,"Parkes, Smith Melissa",male,,0,0,GzV804Kq061,0.0,,S
279,0,3,"Rice, Davis Christopher",male,7.0,4,1,nby883Sv055,29.125,,Q
280,1,3,"Abbott, Hoffman Jonathan",female,35.0,1,1,KBF170bK962,20.25,,S
281,0,3,"Duane, Morris Heather",male,65.0,0,0,bxm911il717,7.75,,Q
282,0,3,"Olsson, Collins Stacey",male,28.0,0,0,Ckq690MY915,7.8542,,S
283,0,3,"de Pelsmaeker, Potts Michael",male,16.0,0,0,Mkg196bS833,9.5,,S
284,1,3,"Dorking, Miller Brian",male,19.0,0,0,MaK952js923,8.05,,S
285,0,1,"Smith, Calhoun Randy",male,,0,0,owd111jU535,26.0,AjV059,S
286,0,3,"Stankovic, Delgado Alan",male,33.0,0,0,zuV128Ce275,8.6625,,C
287,1,3,"de Mulder, Flowers Thomas",male,30.0,0,0,Wrj312yZ822,9.5,,S
288,0,3,"Naidenoff, Mercado Jessica",male,22.0,0,0,cIv895qD098,7.8958,,S
289,1,2,"Hosono, Jordan Audrey",male,42.0,0,0,SYM395tZ005,13.0,,S
290,1,3,"Connolly, Rhodes Amy",female,22.0,0,0,QnA172wR880,7.75,,Q
291,1,1,"Barber, Sanchez Richard",female,26.0,0,0,tZL018mB566,78.85,,S
292,1,1,"Bishop, Miles Margaret",female,19.0,1,0,eBM360Ic241,91.0792,VQC019,C
293,0,2,"Levy, Schroeder Julie",male,36.0,0,0,ESu363eb814,12.875,XaN160,C
294,0,3,"Haas, Blake Johnathan",female,24.0,0,0,vRk730wg918,8.85,,S
295,0,3,"Mineff, Green Daniel",male,24.0,0,0,GNa614oC730,7.8958,,S
296,0,1,"Lewy, Chambers Bobby",male,,0,0,MiD613Ye913,27.7208,,C
297,0,3,"Hanna, Martin Raymond",male,23.5,0,0,wcI812jn219,7.2292,,C
298,0,1,"Allison, Martinez Joshua",female,2.0,1,2,KWI454Nq017,151.55,VJs371,S
299,1,1,"Saalfeld, Gilbert Nicholas",male,,0,0,QDV098EZ583,30.5,lwT417,S
300,1,1,"Baxter, Vasquez Joshua",female,50.0,0,1,gsQ354Hy483,247.5208,Osb274,C
301,1,3,"Kelly, Bray Jason",female,,0,0,LRv290hr608,7.75,,Q
302,1,3,"McCoy, Stafford Laura",male,,2,0,anR716vb798,23.25,,Q
303,0,3,"Johnson, Smith Kevin",male,19.0,0,0,dLt704tA760,0.0,,S
304,1,2,"Keane, Paul Alexandria",female,,0,0,wRU624zz366,12.35,upT959,Q
305,0,3,"Williams, Brooks Melissa",male,,0,0,nui966hg713,8.05,,S
306,1,1,"Allison, Park Daniel",male,0.92,1,2,KAS492kt713,151.55,lwS947,S
307,1,1,"Fleming, Patterson Courtney",female,,0,0,KHi628On123,110.8833,,C
308,1,1,"Penasco y Castellana, Sanchez Sarah",female,17.0,1,0,xyy500YE942,108.9,Ysx467,C
309,0,2,"Abelson, Mendez Scott",male,30.0,1,0,dxo342bP839,24.0,,C
310,1,1,"Francatelli, Stephens Brian",female,30.0,0,0,Rjy937Xc049,56.9292,blL958,C
311,1,1,"Hays, Krause Sydney",female,24.0,0,0,VmX401dj496,83.1583,KcJ736,C
312,1,1,"Ryerson, Hill Ashley",female,18.0,2,2,GYM227Cb597,262.375,fmr468,C
313,0,2,"Lahtinen, Williams Sheryl",female,26.0,1,1,hCc617kL048,26.0,,S
314,0,3,"Hendekovic, Porter Carol",male,28.0,0,0,JGY344Gd362,7.8958,,S
315,0,2,"Hart, Contreras Willie",male,43.0,1,1,PFn140QM028,26.25,,S
316,1,3,"Nilsson, Shaw Lisa",female,26.0,0,0,cwt583pg133,7.8542,,S
317,1,2,"Kantor, Thompson Adam",female,24.0,1,0,xzL726qz516,26.0,,S
318,0,2,"Moraweck, Pope Peter",male,54.0,0,0,uGv482Ja667,14.0,,S
319,1,1,"Wick, Williams Mary",female,31.0,0,2,Hda674xp688,164.8667,luQ835,S
320,1,1,"Spedden, Juarez Taylor",female,40.0,1,1,fch231Fi051,134.5,mkO873,C
321,0,3,"Dennis, Miller Michael",male,22.0,0,0,CnQ840HX359,7.25,,S
322,0,3,"Danoff, Kelly Carrie",male,27.0,0,0,ptC467ze600,7.8958,,S
323,1,2,"Slayter, Bishop Amanda",female,30.0,0,0,xmp483wS541,12.35,,Q
324,1,2,"Caldwell, Brown Christopher",female,22.0,1,1,EaZ200GO188,29.0,,S
325,0,3,"Sage, Ross Seth",male,,8,2,Bav820Rk785,69.55,,S
326,1,1,"Young, Nguyen Emily",female,36.0,0,0,FBJ343Pi054,135.6333,MLr553,C
327,0,3,"Nysveen, Boyd Emily",male,61.0,0,0,fEI871zF088,6.2375,,S
328,1,2,"Ball, Lewis Brenda",female,36.0,0,0,rck552Qe810,13.0,ueT446,S
329,1,3,"Goldsmith, Williams Brian",female,31.0,1,1,PXO246ri206,20.525,,S
330,1,1,"Hippach, Ortega Lauren",female,16.0,0,1,CrI548ZV194,57.9792,mWE014,C
331,1,3,"McCoy, Hutchinson Nicholas",female,,2,0,MUp488CP534,23.25,,Q
332,0,1,"Partner, Alvarez James",male,45.5,0,0,Ywh439PT239,28.5,whc097,S
333,0,1,"Graham, Hopkins Charles",male,38.0,0,1,Aug831hj556,153.4625,jjN135,S
334,0,3,"Vander Planke, Hall Michael",male,16.0,2,0,nNo664Cy339,18.0,,S
335,1,1,"Frauenthal, Oconnor Robert",female,,1,0,beq977nB823,133.65,,S
336,0,3,"Denkoff, Rodriguez Chad",male,,0,0,sEH490SE902,7.8958,,S
337,0,1,"Pears, Pacheco Alejandro",male,29.0,1,0,vQE790KU923,66.6,wGS763,S
338,1,1,"Burns, Padilla Kara",female,41.0,0,0,Zkq984YS596,134.5,Oxq126,C
339,1,3,"Dahl, Brown Patrick",male,45.0,0,0,sim787go993,8.05,,S
340,0,1,"Blackwell, Davis Jeff",male,45.0,0,0,Qco439Tv379,35.5,Hxo819,S
341,1,2,"Navratil, Rush Christine",male,2.0,1,1,qlb741AX908,26.0,iAq238,S
342,1,1,"Fortune, Carter Joshua",female,24.0,3,2,OUM101we177,263.0,Rrw002,S
343,0,2,"Collander, Griffin Edward",male,28.0,0,0,xjV558Up284,13.0,,S
344,0,2,"Sedgwick, Long Bonnie",male,25.0,0,0,bJU833Xb299,13.0,,S
345,0,2,"Fox, Patterson Allison",male,36.0,0,0,vUJ829ty568,13.0,,S
346,1,2,"Brown, Johnson Jack",female,24.0,0,0,eDe384El829,13.0,UHk068,S
347,1,2,"Smith, Martin Theresa",female,40.0,0,0,zaF676ol417,13.0,,S
348,1,3,"Davison, Rivera Jessica",female,,1,0,lkh065Mi927,16.1,,S
349,1,3,"Coutts, Dillon Vanessa",male,3.0,1,1,aIc015wR771,15.9,,S
350,0,3,"Dimic, Nicole Mrs.",male,42.0,0,0,vKJ715jP318,8.6625,,S
351,0,3,"Odahl, Sexton Matthew",male,23.0,0,0,Myn715zV558,9.225,,S
352,0,1,"Williams-Lambert, Tucker Madison",male,,0,0,ysV582ff068,35.0,Wdx706,S
353,0,3,"Elias, Franklin Joseph",male,15.0,1,1,uWx864NM492,7.2292,,C
354,0,3,"Arnold-Franchi, Johnson Rachael",male,25.0,1,0,bYW171gS769,17.8,,S
355,0,3,"Yousif, Diaz Debra",male,,0,0,PVy688GC938,7.225,,C
356,0,3,"Vanden Steen, Mitchell Jessica",male,28.0,0,0,qIA078Rk493,9.5,,S
357,1,1,"Bowerman, Bradford Lucas",female,22.0,0,1,IbR221tr342,55.0,fnA124,S
358,0,2,"Funk, Sawyer Terri",female,38.0,0,0,QqE515OP479,13.0,,S
359,1,3,"McGovern, Cooper Troy",female,,0,0,TTX754px057,7.8792,,Q
360,1,3,"Mockler, Miller Tammy",female,,0,0,vQL303zB733,7.8792,,Q
361,0,3,"Skoog, Tyler Krystal",male,40.0,1,4,fjI257wI783,27.9,,S
362,0,2,"del Carlo, Chavez Lisa",male,29.0,1,0,vOK548zL246,27.7208,,C
363,0,3,"Barbara, George Ralph",female,45.0,0,1,VGt448Mh450,14.4542,,C
364,0,3,"Asim, Ray Randall",male,35.0,0,0,lmy000me513,7.05,,S
365,0,3,"O'Brien, Blake Gabrielle",male,,1,0,cWd916or863,15.5,,Q
366,0,3,"Adahl, Johnson Casey",male,30.0,0,0,NcP061yW450,7.25,,S
367,1,1,"Warren, Walker Theresa",female,60.0,1,0,FQC095nn528,75.25,bIT188,C
368,1,3,"Moussa, Sullivan Samantha",female,,0,0,DiJ022rv678,7.2292,,C
369,1,3,"Jermyn, Johnson Heather",female,,0,0,Mze806yH976,7.75,,Q
370,1,1,"Aubart, Baker John",female,24.0,0,0,hHa399Nh274,69.3,nFW671,C
371,1,1,"Harder, Malone Christopher",male,25.0,1,0,zCD441Zi087,55.4417,Qou140,C
372,0,3,"Wiklund, Newton Tammy",male,18.0,1,0,Mty622LL619,6.4958,,S
373,0,3,"Beavan, Juarez Sarah",male,19.0,0,0,Jne758ZH904,8.05,,S
374,0,1,"Ringhini, Carpenter Ann",male,22.0,0,0,ufe394xN571,135.6333,,C
375,0,3,"Palsson, Nguyen Nicole",female,3.0,3,1,SXZ696Av848,21.075,,S
376,1,1,"Meyer, Hill Michael",female,,1,0,NDC670CS838,82.1708,,C
377,1,3,"Landergren, Jones Matthew",female,22.0,0,0,VRM705wa652,7.25,,S
378,0,1,"Widener, Wilkerson Steven",male,27.0,0,2,soR540mE600,211.5,gtQ314,C
379,0,3,"Betros, Rodriguez Jacqueline",male,20.0,0,0,AaC085Mr912,4.0125,,C
380,0,3,"Gustafsson, Santiago Danielle",male,19.0,0,0,xTs997ao868,7.775,,S
381,1,1,"Bidois, Keller Kristin",female,42.0,0,0,amk804BM918,227.525,,C
382,1,3,"Nakid, Johnson Angelica",female,1.0,0,2,gGU060cr800,15.7417,,C
383,0,3,"Tikkanen, Wallace Todd",male,32.0,0,0,Kvv380eh883,7.925,,S
384,1,1,"Holverson, Stephens Olivia",female,35.0,1,0,Vco071Lu181,52.0,,S
385,0,3,"Plotcharsky, Page Alexis",male,,0,0,sJk259mK647,7.8958,,S
386,0,2,"Davies, Hayden David",male,18.0,0,0,VfJ349Gx692,73.5,,S
387,0,3,"Goodwin, Jordan Jessica",male,1.0,5,2,jpC348yD947,46.9,,S
388,1,2,"Buss, Sweeney Jeremy",female,36.0,0,0,oHS110FM708,13.0,,S
389,0,3,"Sadlier, Carson Terrance",male,,0,0,pTI525ul268,7.7292,,Q
390,1,2,"Lehmann, Byrd Edward",female,17.0,0,0,XMA159qO118,12.0,,C
391,1,1,"Carter, Reed Darius",male,36.0,1,2,ssi163YO685,120.0,XvM210,S
392,1,3,"Jansson, Hall Karen",male,21.0,0,0,TTo932rG187,7.7958,,S
393,0,3,"Gustafsson, Sparks Levi",male,28.0,2,0,eav309Ob786,7.925,,S
394,1,1,"Newell, Miller Ryan",female,23.0,1,0,nXg233Ns563,113.275,xUU385,C
395,1,3,"Sandstrom, Johnson Christina",female,24.0,0,2,kKx729jF125,16.7,cQd081,S
396,0,3,"Johansson, Johnson Taylor",male,22.0,0,0,DsJ075An923,7.7958,,S
397,0,3,"Olsson, Brown Mitchell",female,31.0,0,0,ONP370VE716,7.8542,,S
398,0,2,"McKane, Robinson William",male,46.0,0,0,ylc347on115,26.0,,S
399,0,2,"Pain, Sullivan Elaine",male,23.0,0,0,suB715XO224,10.5,,S
400,1,2,"Trout, Cohen Susan",female,28.0,0,0,DXg165zB901,12.65,,S
401,1,3,"Niskanen, Sherman Robert",male,39.0,0,0,eBr166MB898,7.925,,S
402,0,3,"Adams, Hamilton Albert",male,26.0,0,0,DKs159SS305,8.05,,S
403,0,3,"Jussila, Clark Teresa",female,21.0,1,0,PIM153bc282,9.825,,S
404,0,3,"Hakkarainen, Gutierrez Antonio",male,28.0,1,0,EJp266ZH426,15.85,,S
405,0,3,"Oreskovic, Church Margaret",female,20.0,0,0,eZx082qv892,8.6625,,S
406,0,2,"Gale, Hubbard Rachael",male,34.0,1,0,ziE752Wj133,21.0,,S
407,0,3,"Widegren, Liu Robin",male,51.0,0,0,XaZ488VX588,7.75,,S
408,1,2,"Richards, Wright Victoria",male,3.0,1,1,PiM888iu033,18.75,,S
409,0,3,"Birkeland, Martinez Joseph",male,21.0,0,0,UCC798Gs755,7.775,,S
410,0,3,"Lefebre, Watkins Melissa",female,,3,1,wSE792HE691,25.4667,,S
411,0,3,"Sdycoff, Cook Robert",male,,0,0,Bal001Ra702,7.8958,,S
412,0,3,"Hart, Burgess Natalie",male,,0,0,JAq610jq066,6.8583,,Q
413,1,1,"Minahan, Dana Mrs.",female,33.0,1,0,Pbg627eS317,90.0,TCc321,Q
414,0,2,"Cunningham, Skinner Bruce",male,,0,0,Eqa369Sv208,0.0,,S
415,1,3,"Sundman, Ayala Edward",male,44.0,0,0,qPH116UP854,7.925,,S
416,0,3,"Meek, Berry Donald",female,,0,0,qFZ081HL631,8.05,,S
417,1,2,"Drew, Faulkner Sarah",female,34.0,1,1,Vmt650cw583,32.5,,S
418,1,2,"Silven, Levy Joseph",female,18.0,0,2,IUc570Wl258,13.0,,S
419,0,2,"Matthews, Williams Pamela",male,30.0,0,0,dTN785BI412,13.0,,S
420,0,3,"Van Impe, Martinez Melissa",female,10.0,0,2,gBj391AJ335,24.15,,S
421,0,3,"Gheorgheff, Henry Dwayne",male,,0,0,QJT533eD327,7.8958,,C
422,0,3,"Charters, Chang William",male,21.0,0,0,mXT845SZ738,7.7333,,Q
423,0,3,"Zimmerman, Johnson Kimberly",male,29.0,0,0,FAC694aO405,7.875,,S
424,0,3,"Danbom, Rose Edwin",female,28.0,1,1,wUb216dZ919,14.4,,S
425,0,3,"Rosblom, Smith Pamela",male,18.0,1,1,xdc681ZA330,20.2125,,S
426,0,3,"Wiseman, Koch Joseph",male,,0,0,ofz953ZU261,7.25,,S
427,1,2,"Clarke, Moore Laura",female,28.0,1,0,rIf491qp834,26.0,,S
428,1,2,"Phillips, Martinez Mary",female,19.0,0,0,YsA643Yf333,26.0,,S
429,0,3,"Flynn, Lee Justin",male,,0,0,uAG598Yn444,7.75,,Q
430,1,3,"Pickard, Hoffman Jamie",male,32.0,0,0,sUY087ck069,8.05,Jto239,S
431,1,1,"Bjornstrom-Steffansson, Taylor Mrs.",male,28.0,0,0,nSw856ap045,26.55,wCq110,S
432,1,3,"Thorneycroft, Barrett Brandon",female,,1,0,rwH145mQ769,16.1,,S
433,1,2,"Louch, Contreras Steven",female,42.0,1,0,cNd287VD592,26.0,,S
434,0,3,"Kallio, Vaughan Michael",male,17.0,0,0,fmq648mx355,7.125,,S
435,0,1,"Silvey, Matthews Melody",male,50.0,1,0,aVn671YS577,55.9,sXc332,S
436,1,1,"Carter, Diaz Michael",female,14.0,1,2,QEm027fj051,120.0,FlH133,S
437,0,3,"Ford, Walker Jessica",female,21.0,2,2,RgE128sG930,34.375,,S
438,1,2,"Richards, Smith Ronald",female,24.0,2,3,Ubs863Pg196,18.75,,S
439,0,1,"Fortune, Perez Carolyn",male,64.0,1,4,XkD953kq846,263.0,KQR053,S
440,0,2,"Kvillner, Douglas Donald",male,31.0,0,0,HkR535Lt861,10.5,,S
441,1,2,"Hart, Flynn Linda",female,45.0,1,1,bqt261cE884,26.25,,S
442,0,3,"Hampe, Bradford Margaret",male,20.0,0,0,ZTd702jl939,9.5,,S
443,0,3,"Petterson, Keller Brian",male,25.0,1,0,atg913ax251,7.775,,S
444,1,2,"Reynaldo, Jillian Ms.",female,28.0,0,0,Sno861fr910,13.0,,S
445,1,3,"Johannesen-Bratthammer, Owens Misty",male,,0,0,kmA491hn850,8.1125,,S
446,1,1,"Dodge, Valentine Dawn",male,4.0,0,2,dmZ264lj009,81.8583,YFG525,S
447,1,2,"Mellinger, Spencer John",female,13.0,0,1,GKN672sZ012,19.5,,S
448,1,1,"Seward, Lyons Jordan",male,34.0,0,0,sHd667Rf195,26.55,,S
449,1,3,"Baclini, Mendoza Daniel",female,5.0,2,1,yvn817jq623,19.2583,,C
450,1,1,"Peuchen, Manning Brandi",male,52.0,0,0,YGX132XV301,30.5,bnQ863,S
451,0,2,"West, Fox Robert",male,36.0,1,2,ToR965tn630,27.75,,S
452,0,3,"Hagland, Bryan Sara",male,,1,0,wqP337ow676,19.9667,,S
453,0,1,"Foreman, Baker Judith",male,30.0,0,0,coQ341UW886,27.75,Bpk522,C
454,1,1,"Goldenberg, Sheppard Lindsay",male,49.0,1,0,zvq976bg092,89.1042,Oon795,C
455,0,3,"Peduzzi, Mason Rebecca",male,,0,0,wtZ747rb825,8.05,,S
456,1,3,"Jalsevac, Evans Gary",male,29.0,0,0,YIF799if792,7.8958,,C
457,0,1,"Millet, Landry Roger",male,65.0,0,0,Txr605Vm766,26.55,GKW486,S
458,1,1,"Kenyon, Mccall Jacob",female,,1,0,mfz714vj600,51.8625,WoU828,S
459,1,2,"Toomey, Wright Jenny",female,50.0,0,0,eZy865JM956,10.5,,S
460,0,3,"O'Connor, Walker Jason",male,,0,0,bmf408qE446,7.75,,Q
461,1,1,"Anderson, Bauer Anthony",male,48.0,0,0,cWO528MU128,26.55,Kaf087,S
462,0,3,"Morley, Simmons Sharon",male,34.0,0,0,DLQ740xH254,8.05,,S
463,0,1,"Gee, Barry Jane",male,47.0,0,0,tnM676zn105,38.5,Srt080,S
464,0,2,"Milling, Williams Gregory",male,48.0,0,0,sHp079tE560,13.0,,S
465,0,3,"Maisner, Merritt Timothy",male,,0,0,Otp864Qx834,8.05,,S
466,0,3,"Goncalves, Jackson Stephanie",male,38.0,0,0,MjQ990hS699,7.05,,S
467,0,2,"Campbell, Moss William",male,,0,0,bde839RH345,0.0,,S
468,0,1,"Smart, Schmidt Michael",male,56.0,0,0,Udd147iX898,26.55,,S
469,0,3,"Scanlan, Grant Edward",male,,0,0,uzK345MC573,7.725,,Q
470,1,3,"Baclini, Valdez Austin",female,0.75,2,1,PtW451JU545,19.2583,,C
471,0,3,"Keefe, Powell Danielle",male,,0,0,EmG536nf661,7.25,,S
472,0,3,"Cacic, Long Michael",male,38.0,0,0,hsA716oZ462,8.6625,,S
473,1,2,"West, Lawrence Stacey",female,33.0,1,2,yjq125Mf623,27.75,,S
474,1,2,"Jerwan, Reid James",female,23.0,0,0,VkO781Gv124,13.7917,IvJ412,C
475,0,3,"Strandberg, Potts Catherine",female,22.0,0,0,SPB370Aw204,9.8375,,S
476,0,1,"Clifford, Walker Jesse",male,,0,0,SVI111iX764,52.0,jQS708,S
477,0,2,"Renouf, Barnes Stephanie",male,34.0,1,0,NAH431dX162,21.0,,S
478,0,3,"Braund, Watson Thomas",male,29.0,1,0,EbH356JL332,7.0458,,S
479,0,3,"Karlsson, Juarez Jenny",male,22.0,0,0,SFX494FG985,7.5208,,S
480,1,3,"Hirvonen, Johnson Karen",female,2.0,0,1,CUK898RZ685,12.2875,,S
481,0,3,"Goodwin, Anderson Nicole",male,9.0,5,2,pUV335Ly529,46.9,,S
482,0,2,"Frost, Evans Kevin",male,,0,0,ySi507xu917,0.0,,S
483,0,3,"Rouse, Krueger Tina",male,50.0,0,0,pXc846iC470,8.05,,S
484,1,3,"Turkula, Benjamin Elizabeth",female,63.0,0,0,ExN493yb013,9.5875,,S
485,1,1,"Bishop, Murphy Stephanie",male,25.0,1,0,UXK995PW778,91.0792,ijU249,C
486,0,3,"Lefebre, Holmes Allison",female,,3,1,KPC976lH261,25.4667,,S
487,1,1,"Hoyt, Martinez Maria",female,35.0,1,0,ivk865zi603,90.0,hcJ915,S
488,0,1,"Kent, Stout Patricia",male,58.0,0,0,Rhb161Ig715,29.7,PSv414,C
489,0,3,"Somerton, Kramer Michelle",male,30.0,0,0,tNN762MM895,8.05,,S
490,1,3,"Coutts, Goodman Tamara",male,9.0,1,1,Fdc021bC296,15.9,,S
491,0,3,"Hagland, Harper Kristy",male,,1,0,Zpz249Ic000,19.9667,,S
492,0,3,"Windelov, Shaw Barbara",male,21.0,0,0,tgF127hh935,7.25,,S
493,0,1,"Molson, Wells Theresa",male,55.0,0,0,rJp938da515,30.5,SjT190,S
494,0,1,"Artagaveytia, Cummings David",male,71.0,0,0,Fmf345be467,49.5042,,C
495,0,3,"Stanley, Long Ryan",male,21.0,0,0,ebU997dz061,8.05,,S
496,0,3,"Yousseff, Lowery Thomas",male,,0,0,xBo943cR924,14.4583,,C
497,1,1,"Eustis, Ball Juan",female,54.0,1,0,XiO025Oc548,78.2667,vKp941,C
498,0,3,"Shellard, Hanson Cameron",male,,0,0,Gec052bv415,15.1,,S
499,0,1,"Allison, Watson Brian",female,25.0,1,2,KAP611Wy595,151.55,wvB544,S
500,0,3,"Svensson, Bennett John",male,24.0,0,0,xzq352MR349,7.7958,,S
501,0,3,"Calic, Pennington Samuel",male,17.0,0,0,Tqu593eR533,8.6625,,S
502,0,3,"Canavan, Vance Jeremy",female,21.0,0,0,blG830tL199,7.75,,Q
503,0,3,"O'Sullivan, Oconnor Michael",female,,0,0,pyN433yH011,7.6292,,Q
504,0,3,"Laitinen, Mason Tara",female,37.0,0,0,gQt537fA209,9.5875,,S
505,1,1,"Maioni, Smith Matthew",female,16.0,0,0,dKl533Yh766,86.5,lJp633,S
506,0,1,"Penasco y Castellana, Davis Amy",male,18.0,1,0,YyN019Ly775,108.9,hNd348,C
507,1,2,"Quick, Chung Nicole",female,33.0,0,2,dfG678wo216,26.0,,S
508,1,1,"Bradley, Johnson Thomas",male,,0,0,aIF046cT506,26.55,,S
509,0,3,"Olsen, Johnson Matthew",male,28.0,0,0,KeO871lC360,22.525,,S
510,1,3,"Lang, Villegas Christina",male,26.0,0,0,BzN628xe679,56.4958,,S
511,1,3,"Daly, Watkins Shelley",male,29.0,0,0,HKc440DL847,7.75,,Q
512,0,3,"Webber, Smith Lisa",male,,0,0,mAd018uF916,8.05,,S
513,1,1,"McGough, Hernandez Joshua",male,36.0,0,0,MQa234Gb163,26.2875,CJs317,S
514,1,1,"Rothschild, Burton Eugene",female,54.0,1,0,whx625hZ735,59.4,,C
515,0,3,"Coleff, Harris Christian",male,24.0,0,0,mRf664cA969,7.4958,,S
516,0,1,"Walker, Charles Robert",male,47.0,0,0,esf074UA284,34.0208,qeN216,S
517,1,2,"Lemore, Li Jennifer",female,34.0,0,0,tGj258EA915,10.5,gAd779,S
518,0,3,"Ryan, Lane Thomas",male,,0,0,IGv612qk027,24.15,,Q
519,1,2,"Angle, Johnson Christopher",female,36.0,1,0,VRK369Og931,26.0,,S
520,0,3,"Pavlovic, Goodman Mark",male,32.0,0,0,TlL533nO754,7.8958,,S
521,1,1,"Perreault, Hart Angela",female,30.0,0,0,ZqZ332BR060,93.5,CXY637,S
522,0,3,"Vovk, Murphy Bradley",male,22.0,0,0,jYs551to079,7.8958,,S
523,0,3,"Lahoud, Archer David",male,,0,0,VaX504Aj320,7.225,,C
524,1,1,"Hippach, Porter Allison",female,44.0,0,1,WxB941vL397,57.9792,AhO858,C
525,0,3,"Kassem, Harris Dwayne",male,,0,0,Vzm275hq705,7.2292,,C
526,0,3,"Farrell, Morris Samantha",male,40.5,0,0,Lvs223sE408,7.75,,Q
527,1,2,"Ridsdale, Jimenez Jeffery",female,50.0,0,0,kMY104Wv099,10.5,,S
528,0,1,"Farthing, Carlson Rhonda",male,,0,0,NSE867cX177,221.7792,yGB687,S
529,0,3,"Salonen, Moran Tiffany",male,39.0,0,0,nkw094lG210,7.925,,S
530,0,2,"Hocking, Mccoy Richard",male,23.0,2,1,rKI779wh087,11.5,,S
531,1,2,"Quick, Anderson Suzanne",female,2.0,1,1,ajF865PR952,26.0,,S
532,0,3,"Toufik, Page Deborah",male,,0,0,mtn516px745,7.2292,,C
533,0,3,"Elias, Garcia Jennifer",male,17.0,1,1,NoE175Rh398,7.2292,,C
534,1,3,"Peter, Marshall Steve",female,,0,2,Brb105Eo493,22.3583,,C
535,0,3,"Cacic, Brown Carol",female,30.0,0,0,pal495Gt528,8.6625,,S
536,1,2,"Hart, Ellis Danielle",female,7.0,0,2,LBO993pQ514,26.25,,S
537,0,1,"Butt, Villarreal Julia",male,45.0,0,0,fBx542QX734,26.55,ftg643,S
538,1,1,"LeRoy, Garcia Joseph",female,30.0,0,0,kLs582JW030,106.425,,C
539,0,3,"Risien, Brown Kevin",male,,0,0,fgv075PZ434,14.5,,S
540,1,1,"Frolicher, Williams Jon",female,22.0,0,2,JrV747jD579,49.5,Nge837,C
541,1,1,"Crosby, Lopez Sarah",female,36.0,0,2,Apb313NU119,71.0,dEY156,S
542,0,3,"Andersson, Hogan Cynthia",female,9.0,4,2,gYZ955Jx104,31.275,,S
543,0,3,"Andersson, Russo Krista",female,11.0,4,2,Hgr936uo414,31.275,,S
544,1,2,"Beane, Johnson Megan",male,32.0,1,0,rcY577LF164,26.0,,S
545,0,1,"Douglas, Whitaker Michael",male,50.0,1,0,Igz115LQ288,106.425,bHR463,C
546,0,1,"Nicholson, Benjamin Joseph",male,64.0,0,0,cGX391jx479,26.0,,S
547,1,2,"Beane, Rodriguez Charles",female,19.0,1,0,XTz535bq438,26.0,,S
548,1,2,"Padro y Manent, Turner Michelle",male,,0,0,DFt327EG009,13.8625,,C
549,0,3,"Goldsmith, Chaney Jordan",male,33.0,1,1,IJu706Wi431,20.525,,S
550,1,2,"Davies, Giles Patty",male,8.0,1,1,xKA980wb255,36.75,,S
551,1,1,"Thayer, Klein Christina",male,17.0,0,2,ZRZ250PR672,110.8833,JsI994,C
552,0,2,"Sharp, Collins Katherine",male,27.0,0,0,Eon551Dw483,26.0,,S
553,0,3,"O'Brien, Evans Jennifer",male,,0,0,ppk959Pz360,7.8292,,Q
554,1,3,"Leeni, Lutz Laura",male,22.0,0,0,eAf023iL160,7.225,,C
555,1,3,"Ohman, Richards Lisa",female,22.0,0,0,zOt019AA113,7.775,,S
556,0,1,"Wright, Garcia Shannon",male,62.0,0,0,DTh035Hb418,26.55,,S
557,1,1,"Duff Gordon, Hendricks Julie",female,48.0,1,0,jYA899oA636,39.6,DDe960,C
558,0,1,"Robbins, Bell Sarah",male,,0,0,oJn608kL700,227.525,,C
559,1,1,"Taussig, Humphrey Kyle",female,39.0,1,1,GVw042QC056,79.65,cxw635,S
560,1,3,"de Messemaeker, Wilson George",female,36.0,1,0,oQr766NU870,17.4,,S
561,0,3,"Morrow, Jackson David",male,,0,0,YcP176ju805,7.75,,Q
562,0,3,"Sivic, Hughes Christine",male,40.0,0,0,sZD147Ff022,7.8958,,S
563,0,2,"Norman, Morales Jacqueline",male,28.0,0,0,xMa539Qo080,13.5,,S
564,0,3,"Simmons, Patton Tina",male,,0,0,Een212cK803,8.05,,S
565,0,3,"Meanwell, Nguyen Anthony",female,,0,0,HCs089YV761,8.05,,S
566,0,3,"Davies, Peterson David",male,24.0,2,0,JMZ653bE776,24.15,,S
567,0,3,"Stoytcheff, Barrett Deborah",male,19.0,0,0,uUV493yE735,7.8958,,S
568,0,3,"Palsson, Hammond Thomas",female,29.0,0,4,Fru375jm949,21.075,,S
569,0,3,"Doharr, Bell Jill",male,,0,0,ObZ907lU367,7.2292,,C
570,1,3,"Jonsson, Smith Jessica",male,32.0,0,0,eGR095fS928,7.8542,,S
571,1,2,"Harris, Dodson William",male,62.0,0,0,ttj945KO494,10.5,,S
572,1,1,"Appleton, Downs Kaitlyn",female,53.0,2,0,DjQ391RS688,51.4792,okK572,S
573,1,1,"Flynn, Wright Steve",male,36.0,0,0,nQn546GQ581,26.3875,dKv844,S
574,1,3,"Kelly, Ramirez Cory",female,,0,0,fgU643LA324,7.75,,Q
575,0,3,"Rush, Wilkinson Willie",male,16.0,0,0,TiA430qf983,8.05,,S
576,0,3,"Patchett, Brown Courtney",male,19.0,0,0,qiC885PR432,14.5,,S
577,1,2,"Garside, Myers Christopher",female,34.0,0,0,RAN914op098,13.0,,S
578,1,1,"Silvey, Anderson Brian",female,39.0,1,0,NJL152Wg967,55.9,fiO566,S
579,0,3,"Caram, Reid Kaitlin",female,,1,0,yHy457bv713,14.4583,,C
580,1,3,"Jussila, Davis Hannah",male,32.0,0,0,tyS768ZO341,7.925,,S
581,1,2,"Christy, Valdez Tammy",female,25.0,1,1,FuW057mA126,30.0,,S
582,1,1,"Thayer, Arnold Philip",female,39.0,1,1,oGX556KA926,110.8833,Rre579,C
583,0,2,"Downton, Rocha David",male,54.0,0,0,iSU659Pw297,26.0,,S
584,0,1,"Ross, Weber Kristy",male,36.0,0,0,VWw695ao431,40.125,cyH749,C
585,0,3,"Paulner, Fernandez Monica",male,,0,0,DyD340dq138,8.7125,,C
586,1,1,"Taussig, Mcfarland Donald",female,18.0,0,2,tJA619ot526,79.65,ejC814,S
587,0,2,"Jarvis, Arnold Alexander",male,47.0,0,0,atW572eQ232,15.0,,S
588,1,1,"Frolicher-Stehli, Fisher Casey",male,60.0,1,1,OlF727Vb459,79.2,peK674,C
589,0,3,"Gilinski, Patel Amber",male,22.0,0,0,yPf495ss977,8.05,,S
590,0,3,"Murdlin, Newman Benjamin",male,,0,0,gmY666Tm496,8.05,,S
591,0,3,"Rintamaki, Harris Mary",male,35.0,0,0,jLt907AK790,7.125,,S
592,1,1,"Stephenson, Garcia Jennifer",female,52.0,1,0,VqX655yG248,78.2667,CmM646,C
593,0,3,"Elsbury, King Sarah",male,47.0,0,0,JeZ677aM527,7.25,,S
594,0,3,"Bourke, Moore Laura",female,,0,2,slk703Xb310,7.75,,Q
595,0,2,"Chapman, Andersen Scott",male,37.0,1,0,nqe260pA757,26.0,,S
596,0,3,"Van Impe, Wilkerson Bruce",male,36.0,1,1,CZX074SW303,24.15,,S
597,1,2,"Leitch, Palmer Tamara",female,,0,0,pjo277iO789,33.0,,S
598,0,3,"Johnson, Estrada Justin",male,49.0,0,0,jiz627ZT593,0.0,,S
599,0,3,"Boulos, Mosley Carolyn",male,,0,0,ZJz880lA398,7.225,,C
600,1,1,"Duff Gordon, Lowery Jeffrey",male,49.0,1,0,lTZ303Jt842,56.9292,SbX675,C
601,1,2,"Jacobsohn, Wu Kristen",female,24.0,2,1,WWK132nJ071,27.0,,S
602,0,3,"Slabenoff, Bowen Cameron",male,,0,0,HVV598Qe291,7.8958,,S
603,0,1,"Harrington, Anthony Kevin",male,,0,0,oOf906Rh024,42.4,,S
604,0,3,"Torber, Stephens Jacob",male,44.0,0,0,Ojp981br659,8.05,,S
605,1,1,"Homer, Jones Karen",male,35.0,0,0,FCk432WU064,26.55,,C
606,0,3,"Lindell, Wolfe David",male,36.0,1,0,jdy980US760,15.55,,S
607,0,3,"Karaic, Stone Christopher",male,30.0,0,0,UDJ269js756,7.8958,,S
608,1,1,"Daniel, Stephens Daniel",male,27.0,0,0,EHx148cT843,30.5,,S
609,1,2,"Laroche, Santiago Nina",female,22.0,1,2,foP853Jo876,41.5792,,C
610,1,1,"Shutes, Murray Wendy",female,40.0,0,0,TjK093YS094,153.4625,caZ382,S
611,0,3,"Andersson, Miller Jordan",female,39.0,1,5,Zyz296hH903,31.275,,S
612,0,3,"Jardin, Drake Jennifer",male,,0,0,nNG439jo049,7.05,,S
613,1,3,"Murphy, Jenkins Joshua",female,,1,0,LSY114CT617,15.5,,Q
614,0,3,"Horgan, Wells Tracy",male,,0,0,YeD088tE259,7.75,,Q
615,0,3,"Brocklebank, Ayers Angela",male,35.0,0,0,CKP399cw049,8.05,,S
616,1,2,"Herman, Lopez Kyle",female,24.0,1,2,kBP107jE902,65.0,,S
617,0,3,"Danbom, Chapman Amanda",male,34.0,1,1,gZy865WX406,14.4,,S
618,0,3,"Lobb, Roberts Zachary",female,26.0,1,0,pki184Yf686,16.1,,S
619,1,2,"Becker, Bishop Heidi",female,4.0,2,1,eWU860fR105,39.0,qGE386,S
620,0,2,"Gavey, Munoz Adam",male,26.0,0,0,mZf507Sl039,10.5,,S
621,0,3,"Yasbeck, Alvarez Andrea",male,27.0,1,0,vxy604uI415,14.4542,,C
622,1,1,"Kimball, Scott Miranda",male,42.0,1,0,bdS244zt190,52.5542,ujW740,S
623,1,3,"Nakid, Henson Craig",male,20.0,1,1,ysL343yD138,15.7417,,C
624,0,3,"Hansen, Cole Lisa",male,21.0,0,0,svo637Nv413,7.8542,,S
625,0,3,"Bowen, Collins Debbie",male,21.0,0,0,JCM007CE434,16.1,,S
626,0,1,"Sutton, Smith Denise",male,61.0,0,0,oxt869wP569,32.3208,jyF363,S
627,0,2,"Kirkland, Bennett Nathaniel",male,57.0,0,0,vFL460KL374,12.35,,Q
628,1,1,"Longley, Gilbert Patrick",female,21.0,0,0,Ixj164LQ517,77.9583,gUE309,S
629,0,3,"Bostandyeff, Hall Amy",male,26.0,0,0,gnZ732ob164,7.8958,,S
630,0,3,"O'Connell, Jones Nicholas",male,,0,0,qyB935Ds509,7.7333,,Q
631,1,1,"Barkworth, Rivera Stephanie",male,80.0,0,0,Xlt723qe302,30.0,mxP727,S
632,0,3,"Lundahl, Williams Mitchell",male,51.0,0,0,wrp208HZ807,7.0542,,S
633,1,1,"Stahelin-Maeglin, Swanson Margaret",male,32.0,0,0,QKU932zQ636,30.5,iJB592,C
634,0,1,"Parr, Mora Melissa",male,,0,0,QIj759aM461,0.0,,S
635,0,3,"Skoog, Murray Samantha",female,9.0,3,2,wHn139FR554,27.9,,S
636,1,2,"Davis, Hall Suzanne",female,28.0,0,0,sCy024vs015,13.0,,S
637,0,3,"Leinonen, Walker Spencer",male,32.0,0,0,lJZ204qW298,7.925,,S
638,0,2,"Collyer, Newman Sergio",male,31.0,1,1,rnX797vc927,26.25,,S
639,0,3,"Panula, Meyers Derrick",female,41.0,0,5,AOc043yQ110,39.6875,,S
640,0,3,"Thorneycroft, Kennedy Kimberly",male,,1,0,nNz808GC037,16.1,,S
641,0,3,"Jensen, Vega Susan",male,20.0,0,0,wtR190VJ300,7.8542,,S
642,1,1,"Sagesser, Valenzuela Curtis",female,24.0,0,0,VPZ628Hr048,69.3,beI447,C
643,0,3,"Skoog, Campbell David",female,2.0,3,2,fOE282sU287,27.9,,S
644,1,3,"Foo, Liu Lance",male,,0,0,VNC743fU792,56.4958,,S
645,1,3,"Baclini, Lam Veronica",female,0.75,2,1,YTY742Pt041,19.2583,,C
646,1,1,"Harper, Bryant Jessica",male,48.0,1,0,TEf963xZ908,76.7292,xoz600,C
647,0,3,"Cor, Hammond Sarah",male,19.0,0,0,RGO045Cg840,7.8958,,S
648,1,1,"Simonius-Blumer, Frank Jason",male,56.0,0,0,Grw636HI999,35.5,xlZ009,C
649,0,3,"Willey, Wilson Margaret",male,,0,0,AYO016yd754,7.55,,S
650,1,3,"Stanley, Garcia Michael",female,23.0,0,0,chy333xi530,7.55,,S
651,0,3,"Mitkoff, Kent Angel",male,,0,0,Eqs935SW519,7.8958,,S
652,1,2,"Doling, Small Linda",female,18.0,0,1,ilP871hr340,23.0,,S
653,0,3,"Kalvik, Pearson Peter",male,21.0,0,0,Odn535vQ694,8.4333,,S
654,1,3,"O'Leary, Salazar Sydney",female,,0,0,ViN453kF195,7.8292,,Q
655,0,3,"Hegarty, Edwards Mark",female,18.0,0,0,IhB398nD120,6.75,,Q
656,0,2,"Hickman, Howell Amanda",male,24.0,2,0,EXG034Th953,73.5,,S
657,0,3,"Radeff, Martinez Keith",male,,0,0,tZo907HL974,7.8958,,S
658,0,3,"Bourke, Harris Nicholas",female,32.0,1,1,FaA716rq332,15.5,,Q
659,0,2,"Eitemiller, Bond Mackenzie",male,23.0,0,0,gkB383JU347,13.0,,S
660,0,1,"Newell, Cohen Suzanne",male,58.0,0,2,ZLR562Tn220,113.275,Rkw543,C
661,1,1,"Frauenthal, Rowland Emily",male,50.0,2,0,FJk054TU994,133.65,,S
662,0,3,"Badt, Wilson Regina",male,40.0,0,0,TIQ798di936,7.225,,C
663,0,1,"Colley, Rodriguez Megan",male,47.0,0,0,rBJ881EE100,25.5875,yRc239,S
664,0,3,"Coleff, Pittman Rose",male,36.0,0,0,LOg665Pc667,7.4958,,S
665,1,3,"Lindqvist, Arnold Allen",male,20.0,1,0,KSt329Xf695,7.925,,S
666,0,2,"Hickman, Gutierrez Erin",male,32.0,2,0,xqF684pQ080,73.5,,S
667,0,2,"Butler, Foster Megan",male,25.0,0,0,kuT382Io444,13.0,,S
668,0,3,"Rommetvedt, Solis Nicole",male,,0,0,UhM799hM547,7.775,,S
669,0,3,"Cook, Ramirez David",male,43.0,0,0,ZRD299Ii369,8.05,,S
670,1,1,"Taylor, Williams Russell",female,,1,0,dTM240DO107,52.0,zYb888,S
671,1,2,"Brown, Patton Stephanie",female,40.0,1,1,Puh461Le837,39.0,,S
672,0,1,"Davidson, Thomas Dr.",male,31.0,1,0,Qkk895le256,52.0,jDZ586,S
673,0,2,"Mitchell, Lee Tanya",male,70.0,0,0,cSx242JE442,10.5,,S
674,1,2,"Wilhelms, Jenkins Amy",male,31.0,0,0,DGH168gQ194,13.0,,S
675,0,2,"Watson, Cardenas Hannah",male,,0,0,Njm774Dh366,0.0,,S
676,0,3,"Edvardsson, Estrada Timothy",male,18.0,0,0,Oku542rJ820,7.775,,S
677,0,3,"Sawyer, Davis Alexander",male,24.5,0,0,Jea754lv061,8.05,,S
678,1,3,"Turja, Martin Michael",female,18.0,0,0,gYe446zb869,9.8417,,S
679,0,3,"Goodwin, Gonzalez Steven",female,43.0,1,6,lOX779eM798,46.9,,S
680,1,1,"Cardeza, Davenport Andrea",male,36.0,0,1,eZL108dB386,512.3292,lZW661,C
681,0,3,"Peters, Blanchard Erik",female,,0,0,RvS101EG295,8.1375,,Q
682,1,1,"Hassab, Green Jacqueline",male,27.0,0,0,KDV268ZH497,76.7292,iJf350,C
683,0,3,"Olsvigen, Wagner Nathan",male,20.0,0,0,yeZ857LT003,9.225,,S
684,0,3,"Goodwin, Smith Holly",male,14.0,5,2,ZcG746jP625,46.9,,S
685,0,2,"Brown, Page Melvin",male,60.0,1,1,UIX177WY446,39.0,,S
686,0,2,"Laroche, Garrett Veronica",male,25.0,1,2,ztf514wN988,41.5792,,C
687,0,3,"Panula, Dennis Ryan",male,14.0,4,1,DUl372cR644,39.6875,,S
688,0,3,"Dakic, Strong Robert",male,19.0,0,0,Ann615Fs967,10.1708,,S
689,0,3,"Fischer, Mason Brandy",male,18.0,0,0,YrZ579HY033,7.7958,,S
690,1,1,"Madill, Williams Stephanie",female,15.0,0,1,TCo214xY856,211.3375,GyI864,S
691,1,1,"Dick, Santiago Laurie",male,31.0,1,0,MxJ496Us628,57.0,XaX171,S
692,1,3,"Karun, Hayden Christine",female,4.0,0,1,tgG803ah214,13.4167,,C
693,1,3,"Lam, Johnson Frances",male,,0,0,aEA290xI750,56.4958,,S
694,0,3,"Saad, Ramsey Lori",male,25.0,0,0,SIq960BU887,7.225,,C
695,0,1,"Weir, Bailey Jordan",male,60.0,0,0,kWh988aS405,26.55,,S
696,0,2,"Chapman, Olsen Sydney",male,52.0,0,0,ozA246RY381,13.5,,S
697,0,3,"Kelly, Hughes Glenda",male,44.0,0,0,gvk498VG570,8.05,,S
698,1,3,"Mullens, Walker Susan",female,,0,0,Zkv181Mk056,7.7333,,Q
699,0,1,"Thayer, Gordon Kevin",male,49.0,1,1,KYy538Pb766,110.8833,tum928,C
700,0,3,"Humblen, Rodriguez Julia",male,42.0,0,0,CYH684cr476,7.65,NvJ095,S
701,1,1,"Astor, Leach Michaela",female,18.0,1,0,yLf422Oh105,227.525,zXK065,C
702,1,1,"Silverthorne, Anderson Jason",male,35.0,0,0,iUW660QE460,26.2875,Iif598,S
703,0,3,"Barbara, Ferguson Kimberly",female,18.0,0,1,JYt694ND293,14.4542,,C
704,0,3,"Gallagher, Coleman Meagan",male,25.0,0,0,ksO039Jp215,7.7417,,Q
705,0,3,"Hansen, Arnold Corey",male,26.0,1,0,znd047zD291,7.8542,,S
706,0,2,"Morley, Decker Blake",male,39.0,0,0,xsh054cJ456,26.0,,S
707,1,2,"Kelly, Butler James",female,45.0,0,0,gie717az524,13.5,,S
708,1,1,"Calderhead, Weeks Benjamin",male,42.0,0,0,Nbi970UW010,26.2875,PVR926,S
709,1,1,"Cleaver, Kane Laura",female,22.0,0,0,kBE075mf644,151.55,,S
710,1,3,"Moubarek, Rasmussen Krystal",male,,1,1,XtL498eX358,15.2458,,C
711,1,1,"Mayne, Cuevas Juan",female,24.0,0,0,GoZ619VX682,49.5042,pzX958,C
712,0,1,"Klaber, Stevens Laura",male,,0,0,Yxf549Dc897,26.55,haX161,S
713,1,1,"Taylor, Clark Scott",male,48.0,1,0,Yzh537rr048,52.0,oby613,S
714,0,3,"Larsson, Peterson Jon",male,29.0,0,0,TBh583sQ947,9.4833,,S
715,0,2,"Greenberg, Tucker Jennifer",male,52.0,0,0,dWV184Gy157,13.0,,S
716,0,3,"Soholt, Brown Frank",male,19.0,0,0,nOU159JA257,7.65,wdc088,S
717,1,1,"Endres, Clark Troy",female,38.0,0,0,xRp226iG479,227.525,KqP413,C
718,1,2,"Troutt, Ford William",female,27.0,0,0,DXW450Sm905,10.5,CBn676,S
719,0,3,"McEvoy, Martin Sandra",male,,0,0,Tgz130Xf067,15.5,,Q
720,0,3,"Johnson, Dunn James",male,33.0,0,0,SHh853MK286,7.775,,S
721,1,2,"Harper, Gonzalez Hannah",female,6.0,0,1,KIB459mn504,33.0,,S
722,0,3,"Jensen, Johnston Joann",male,17.0,1,0,pnM115Fa477,7.0542,,S
723,0,2,"Gillespie, Patel Anthony",male,34.0,0,0,kLU916PK437,13.0,,S
724,0,2,"Hodges, Johns Nicole",male,50.0,0,0,zQg530KP917,13.0,,S
725,1,1,"Chambers, Murphy Daniel",male,27.0,1,0,ohT785MR901,53.1,mET613,S
726,0,3,"Oreskovic, King Mike",male,20.0,0,0,EVz361mY385,8.6625,,S
727,1,2,"Renouf, Jones Victoria",female,30.0,3,0,FSh046bP698,21.0,,S
728,1,3,"Mannion, Morgan Wanda",female,,0,0,Phz658xE994,7.7375,,Q
729,0,2,"Bryhl, Henderson Jason",male,25.0,1,0,BjY376Bm730,26.0,,S
730,0,3,"Ilmakangas, Bowen Kevin",female,25.0,1,0,taL757aW404,7.925,,S
731,1,1,"Allen, Oneill Robert",female,29.0,0,0,Tuo093zu697,211.3375,BYU041,S
732,0,3,"Hassan, Thomas Kevin",male,11.0,0,0,wdd044bK406,18.7875,,C
733,0,2,"Knight, Roberts Katherine",male,,0,0,jUR471qU446,0.0,,S
734,0,2,"Berriman, Browning Clarence",male,23.0,0,0,WKm414KI817,13.0,,S
735,0,2,"Troupiansky, Coleman Katherine",male,23.0,0,0,oKd218OX775,13.0,,S
736,0,3,"Williams, Holden Michael",male,28.5,0,0,EBk599EV355,16.1,,S
737,0,3,"Ford, Phelps Joan",female,48.0,1,3,BxR576tn643,34.375,,S
738,1,1,"Lesurer, Bailey Brian",male,35.0,0,0,hjm886sV400,512.3292,iSZ063,C
739,0,3,"Ivanoff, Wagner Kenneth",male,,0,0,EaB895XX446,7.8958,,S
740,0,3,"Nankoff, Hansen Leslie",male,,0,0,HIH620Fq633,7.8958,,S
741,1,1,"Hawksford, Payne Monica",male,,0,0,kXC892ZP844,30.0,yDb710,S
742,0,1,"Cavendish, Grant Leah",male,36.0,1,0,qYp251gQ858,78.85,WxH201,S
743,1,1,"Ryerson, Sutton Lori",female,21.0,2,2,Rhf659Ow154,262.375,rtS003,C
744,0,3,"McNamee, Bullock Jennifer",male,24.0,1,0,Gcq610ED877,16.1,,S
745,1,3,"Stranden, West Stephen",male,31.0,0,0,rsw212tx866,7.925,,S
746,0,1,"Crosby, Poole Taylor",male,70.0,1,1,oKV998uQ859,71.0,ndt228,S
747,0,3,"Abbott, Mitchell Kevin",male,16.0,1,1,ivM299YV473,20.25,,S
748,1,2,"Sinkkonen, Pennington Rhonda",female,30.0,0,0,cDQ452cI498,13.0,,S
749,0,1,"Marvin, Estrada Lisa",male,19.0,1,0,PtV982DG550,53.1,pRW275,S
750,0,3,"Connaghton, Cardenas Richard",male,31.0,0,0,PPX326RX764,7.75,,Q
751,1,2,"Wells, Martin Nicole",female,4.0,1,1,yKM258Yv906,23.0,,S
752,1,3,"Moor, Adams Jamie",male,6.0,0,1,gty212FG715,12.475,mYx086,S
753,0,3,"Vande Velde, Gallagher Patrick",male,33.0,0,0,SDv273im142,9.5,,S
754,0,3,"Jonkoff, Mccarthy Shannon",male,23.0,0,0,SIj279rC911,7.8958,,S
755,1,2,"Herman, Morgan Amanda",female,48.0,1,2,nwZ295yP875,65.0,,S
756,1,2,"Hamalainen, Taylor Jeffrey",male,0.67,1,1,AYR079br701,14.5,,S
757,0,3,"Carlsson, Romero Grace",male,28.0,0,0,eAL913tK434,7.7958,,S
758,0,2,"Bailey, Huang Rose",male,18.0,0,0,oek712na667,11.5,,S
759,0,3,"Theobald, Curtis Mary",male,34.0,0,0,OfW564tG502,8.05,,S
760,1,1,"Rothes, Miller Julie",female,33.0,0,0,IDL788yC113,86.5,col141,S
761,0,3,"Garfirth, Anderson Lindsay",male,,0,0,PGG459QN543,14.5,,S
762,0,3,"Nirva, Wells Michael",male,41.0,0,0,Dub505tP575,7.125,,S
763,1,3,"Barah, Smith David",male,20.0,0,0,YUl328cL454,7.2292,,C
764,1,1,"Carter, Spencer Denise",female,36.0,1,2,YPP349Ta805,120.0,EZA752,S
765,0,3,"Eklund, Bonilla Lori",male,16.0,0,0,trr563li247,7.775,,S
766,1,1,"Hogeboom, Jackson Amy",female,51.0,1,0,onK562SR147,77.9583,KIN105,S
767,0,1,"Brewe, Jacobson Barbara",male,,0,0,DTq545Kv480,39.6,,C
768,0,3,"Mangan, Salinas Dwayne",female,30.5,0,0,YcX718vF258,7.75,,Q
769,0,3,"Moran, Fisher Kevin",male,,1,0,tUy825Ke022,24.15,,Q
770,0,3,"Gronnestad, Reeves Madeline",male,32.0,0,0,FGq684NX782,8.3625,,S
771,0,3,"Lievens, Davis Ashley",male,24.0,0,0,xWz952nE396,9.5,,S
772,0,3,"Jensen, Collins Robert",male,48.0,0,0,UqW973Og933,7.8542,,S
773,0,2,"Mack, Frank Sarah",female,57.0,0,0,vNB373hW237,10.5,aHN954,S
774,0,3,"Elias, Shaw Sarah",male,,0,0,UuU101SK947,7.225,,C
775,1,2,"Hocking, Schwartz Theresa",female,54.0,1,3,YXW801oT239,23.0,,S
776,0,3,"Myhrman, Quinn Nicole",male,18.0,0,0,Zdj971Gc366,7.75,,S
777,0,3,"Tobin, Hall Katherine",male,,0,0,yPv056oz287,7.75,iOt381,Q
778,1,3,"Emanuel, Ward Megan",female,5.0,0,0,aTi811pV292,12.475,,S
779,0,3,"Kilgannon, Murphy Valerie",male,,0,0,VHC091ln914,7.7375,,Q
780,1,1,"Robert, Lynn Barbara",female,43.0,0,1,bwa975vP150,211.3375,qPP084,S
781,1,3,"Ayoub, Harris Angela",female,13.0,0,0,tBu274hi943,7.2292,,C
782,1,1,"Dick, Shelton Tiffany",female,17.0,1,0,JEI426bd931,57.0,ftV043,S
783,0,1,"Long, Smith Elizabeth",male,29.0,0,0,GJv807nk365,30.0,fib107,S
784,0,3,"Johnston, Lewis Jessica",male,,1,2,mgS976vT251,23.45,,S
785,0,3,"Ali, Reed Michael",male,25.0,0,0,eEd698ux568,7.05,,S
786,0,3,"Harmer, Reyes Belinda",male,25.0,0,0,iyv177Sh751,7.25,,S
787,1,3,"Sjoblom, Holland Kelly",female,18.0,0,0,HRS830el850,7.4958,,S
788,0,3,"Rice, Torres Kevin",male,8.0,4,1,YIc342pM568,29.125,,Q
789,1,3,"Dean, Brown Daniel",male,1.0,1,2,see721Gr133,20.575,,S
790,0,1,"Guggenheim, Trujillo Megan",male,46.0,0,0,NSm995sj685,79.2,KoK661,C
791,0,3,"Keane, Allen Yesenia",male,,0,0,YGm780pZ245,7.75,,Q
792,0,2,"Gaskell, Holmes Laura",male,16.0,0,0,oWo404Lg864,26.0,,S
793,0,3,"Sage, Gardner Leroy",female,,8,2,bxl919US359,69.55,,S
794,0,1,"Hoyt, Clarke Ann",male,,0,0,ptC421oS041,30.6958,,C
795,0,3,"Dantcheff, Griffin Dawn",male,25.0,0,0,oaf031mY824,7.8958,,S
796,0,2,"Otter, Vasquez Casey",male,39.0,0,0,nyL279FO225,13.0,,S
797,1,1,"Leader, Myers Kenneth",female,49.0,0,0,MFV519he791,25.9292,YGO986,S
798,1,3,"Osman, Williams Jorge",female,31.0,0,0,ZQV161ew821,8.6833,,S
799,0,3,"Ibrahim Shawah, Parker Patricia",male,30.0,0,0,xfd261qK167,7.2292,,C
800,0,3,"Van Impe, Butler Andrea",female,30.0,1,1,NEI167jt133,24.15,,S
801,0,2,"Ponesell, Davis Nicole",male,34.0,0,0,MtI915im073,13.0,,S
802,1,2,"Collyer, Torres Brenda",female,31.0,1,1,tcC490Lm328,26.25,,S
803,1,1,"Carter, Berry Michaela",male,11.0,1,2,LcE201Wl330,120.0,Wca194,S
804,1,3,"Thomas, Pope Tyler",male,0.42,0,1,mEI151Io386,8.5167,,C
805,1,3,"Hedman, May Angela",male,27.0,0,0,mbd533wt311,6.975,,S
806,0,3,"Johansson, Flores Mary",male,31.0,0,0,Yrp076iC435,7.775,,S
807,0,1,"Andrews, Brown Sara",male,39.0,0,0,wrM954Ie585,0.0,Jxw350,S
808,0,3,"Pettersson, Mcintosh Katrina",female,18.0,0,0,mHx172JM671,7.775,,S
809,0,2,"Meyer, Lee Lisa",male,39.0,0,0,fcl427dZ037,13.0,,S
810,1,1,"Chambers, Dennis Jill",female,33.0,1,0,tBS826MR510,53.1,ZzG138,S
811,0,3,"Alexander, Garcia Charles",male,26.0,0,0,nFg293Lr608,7.8875,,S
812,0,3,"Lester, Morris Matthew",male,39.0,0,0,UII685Yx669,24.15,,S
813,0,2,"Slemen, Beltran Craig",male,35.0,0,0,KWi146fQ098,10.5,,S
814,0,3,"Andersson, Castaneda Kayla",female,6.0,4,2,FTF075Du431,31.275,,S
815,0,3,"Tomlin, Jones Justin",male,30.5,0,0,uHj898Cr007,8.05,,S
816,0,1,"Fry, Rios Kayla",male,,0,0,HtA571YQ472,0.0,Urf243,S
817,0,3,"Heininen, Johnson Sarah",female,23.0,0,0,Ahc411Dx711,7.925,,S
818,0,2,"Mallet, Rhodes Louis",male,31.0,1,1,aVL554RS705,37.0042,,C
819,0,3,"Holm, Young Mark",male,43.0,0,0,ZCv052lR978,6.45,,S
820,0,3,"Skoog, Brian Dr.",male,10.0,3,2,GYc418GV175,27.9,,S
821,1,1,"Hays, Cooper Bruce",female,52.0,1,1,Umu785LZ280,93.5,WQd525,S
822,1,3,"Lulic, Cooper James",male,27.0,0,0,BoT498sI992,8.6625,,S
823,0,1,"Reuchlin, Mays Diana",male,38.0,0,0,ohV600Lg073,0.0,,S
824,1,3,"Moor, Jackson Morgan",female,27.0,0,1,ZNk657Pk177,12.475,jso853,S
825,0,3,"Panula, Webb Ethan",male,2.0,4,1,pgB753Hb149,39.6875,,S
826,0,3,"Flynn, Aguilar Jonathan",male,,0,0,NiZ260TG574,6.95,,Q
827,0,3,"Lam, Guerrero Chloe",male,,0,0,UQD485EO318,56.4958,,S
828,1,2,"Mallet, Anderson Joseph",male,1.0,0,2,RXD095If589,37.0042,,C
829,1,3,"McCormack, Taylor Erin",male,,0,0,YmB284ih764,7.75,,Q
830,1,1,"Stone, Kelly Melinda",female,62.0,0,0,TtB209ic641,80.0,mLL568,
831,1,3,"Yasbeck, Copeland Rachel",female,15.0,1,0,KDN947LY331,14.4542,,C
832,1,2,"Richards, Hughes Jessica",male,0.83,1,1,mSC627rV089,18.75,,S
833,0,3,"Saad, Jackson Emily",male,,0,0,ARd485rK589,7.2292,,C
834,0,3,"Augustsson, Cooley Gary",male,23.0,0,0,LXo891IC582,7.8542,,S
835,0,3,"Allum, White Mark",male,18.0,0,0,zlE774lc579,8.3,,S
836,1,1,"Compton, Chapman Shelby",female,39.0,1,1,ctl765mv015,83.1583,UcL235,C
837,0,3,"Pasic, Mendoza Ryan",male,21.0,0,0,DXi267Uk414,8.6625,,S
838,0,3,"Sirota, Moss Benjamin",male,,0,0,FLA003WU633,8.05,,S
839,1,3,"Chip, George Bradley",male,32.0,0,0,LNg541jV632,56.4958,,S
840,1,1,"Marechal, Alvarez Cynthia",male,,0,0,sDW841tw081,29.7,NKB638,C
841,0,3,"Alhomaki, Reed Stephanie",male,20.0,0,0,GDb110QV636,7.925,,S
842,0,2,"Mudd, Jensen Jennifer",male,16.0,0,0,qDj385Ev086,10.5,,S
843,1,1,"Serepeca, Rodriguez Anna",female,30.0,0,0,Rjh208IU837,31.0,,C
844,0,3,"Lemberopolous, Poole Virginia",male,34.5,0,0,ZFj353wv741,6.4375,,C
845,0,3,"Culumovic, Ayala Alejandra",male,17.0,0,0,rcc657fK386,8.6625,,S
846,0,3,"Abbing, Brown Cynthia",male,42.0,0,0,NYc546fv048,7.55,,S
847,0,3,"Sage, Allen Michael",male,,8,2,Ana462KK875,69.55,,S
848,0,3,"Markoff, Allen Joshua",male,35.0,0,0,VPV136jJ009,7.8958,,C
849,0,2,"Harper, Richard Bill",male,28.0,0,1,JUj605YC144,33.0,,S
850,1,1,"Goldenberg, Combs Brian",female,,1,0,vsO658jq332,89.1042,hgS193,C
851,0,3,"Andersson, Ramos Latoya",male,4.0,4,2,Rha553yR697,31.275,,S
852,0,3,"Svensson, Miller Walter",male,74.0,0,0,Rrx447Ou577,7.775,,S
853,0,3,"Boulos, Quinn Daniel",female,9.0,1,1,RJv673Lr229,15.2458,,C
854,1,1,"Lines, Howard Corey",female,16.0,0,1,uQe627si045,39.4,FID410,S
855,0,2,"Carter, Crawford Elizabeth",female,44.0,1,0,HYR562XX878,26.0,,S
856,1,3,"Aks, Scott Alexander",female,18.0,0,1,xIw175pK955,9.35,,S
857,1,1,"Wick, Snyder Troy",female,45.0,1,1,Zdz952nM021,164.8667,,S
858,1,1,"Daly, Green Donna",male,51.0,0,0,MYh084af449,26.55,VNi859,S
859,1,3,"Baclini, Kirby Ryan",female,24.0,0,3,Gcp147sK399,19.2583,,C
860,0,3,"Razi, Smith Jonathan",male,,0,0,bNz317Os397,7.2292,,C
861,0,3,"Hansen, Spencer Gary",male,41.0,2,0,fvr333ye779,14.1083,,S
862,0,2,"Giles, Adams Rebecca",male,21.0,1,0,HHf383bU251,11.5,,S
863,1,1,"Swift, Gutierrez Steven",female,48.0,0,0,Wzz176in993,25.9292,IQb964,S
864,0,3,"Sage, Harris Alan",female,,8,2,Wdx600yD812,69.55,,S
865,0,2,"Gill, Prince Melissa",male,24.0,0,0,hhY335rz333,13.0,,S
866,1,2,"Bystrom, Wallace Sheryl",female,42.0,0,0,SAK200mf878,13.0,,S
867,1,2,"Duran y More, Blankenship Zachary",female,27.0,1,0,pnY184dt047,13.8583,,C
868,0,1,"Roebling, Zavala Larry",male,31.0,0,0,VCR056DR348,50.4958,ntu255,S
869,0,3,"van Melkebeke, Howard Jack",male,,0,0,zRq987bX208,9.5,,S
870,1,3,"Johnson, Rodriguez Tiffany",male,4.0,1,1,VOP547gV423,11.1333,,S
871,0,3,"Balkic, Beasley Timothy",male,26.0,0,0,RUU309se465,7.8958,,S
872,1,1,"Beckwith, Wyatt Lawrence",female,47.0,1,1,ohn270Kb328,52.5542,Sty260,S
873,0,1,"Carlsson, Harris Edward",male,33.0,0,0,FpW362fC474,5.0,ojK671,S
874,0,3,"Vander Cruyssen, Coleman Michael",male,47.0,0,0,gwQ950Jp754,9.0,,S
875,1,2,"Abelson, Allen Darlene",female,28.0,1,0,HqG868dG174,24.0,,C
876,1,3,"Najib, Atkinson Anthony",female,15.0,0,0,kRh422Ey286,7.225,,C
877,0,3,"Gustafsson, Reed Tara",male,20.0,0,0,cmy665dH219,9.8458,,S
878,0,3,"Petroff, Huff Mario",male,19.0,0,0,tsm090ic981,7.8958,,S
879,0,3,"Laleff, Green Taylor",male,,0,0,dLg088Tn725,7.8958,,S
880,1,1,"Potter, Jordan Dr.",female,56.0,0,1,huY871pL292,83.1583,JWV125,C
881,1,2,"Shelley, Bell Deborah",female,25.0,0,1,xHU971XZ380,26.0,,S
882,0,3,"Markun, Lester Miranda",male,33.0,0,0,pPN483IR791,7.8958,,S
883,0,3,"Dahlberg, Hill Johnathan",female,22.0,0,0,vYa458PH049,10.5167,,S
884,0,2,"Banfield, Wright Christopher",male,28.0,0,0,xoH194tP856,10.5,,S
885,0,3,"Sutehall, Watkins Molly",male,25.0,0,0,FFd535dF412,7.05,,S
886,0,3,"Rice, Gardner Susan",female,39.0,0,5,VqA042hu265,29.125,,Q
887,0,2,"Montvila, Carpenter Wendy",male,27.0,0,0,TBK669bU891,13.0,,S
888,1,1,"Graham, Archer Regina",female,19.0,0,0,Veb961Ss566,30.0,LFG577,S
889,0,3,"Johnston, Lewis Kevin",female,,1,2,dlp551fb333,23.45,,S
890,1,1,"Behr, Maynard Kevin",male,26.0,0,0,tTq310Ik932,30.0,vIL990,C
891,0,3,"Dooley, Hall Elizabeth",male,32.0,0,0,eCp515ej338,7.75,,Q
